timeStamp,elapsed,label,responseCode,responseMessage,threadName,dataType,success,failureMessage,bytes,sentBytes,grpThreads,allThreads,URL,Latency,IdleTime,Connect
1684875494206,2169,PP-LOAD-Form-Categories,200,OK,Http URL/API Test 1-1,text,true,,23782,165,1,1,https://nologin.leaf-preprod.va.gov/Academy/Demo1/api/form/categories,2150,0,1807
1684875496386,157,PP-LOAD-Form-All-Forms,200,OK,Http URL/API Test 1-1,text,true,,23724,211,1,1,https://nologin.leaf-preprod.va.gov/Academy/Demo1/api/form/categories,147,0,0
1684875496545,1860,PP-LOAD-Form-Indicators,200,OK,Http URL/API Test 1-1,text,true,,24191,376,1,1,https://nologin.leaf-preprod.va.gov/Academy/Demo1/api/form/categories,1527,0,10
1684875496545,1527,PP-LOAD-Form-Indicators-0,301,Moved Permanently,Http URL/API Test 1-1,text,true,,467,165,1,1,http://nologin.leaf-preprod.va.gov/Academy/Demo1/api/form/categories,1527,0,10
1684875498077,328,PP-LOAD-Form-Indicators-1,200,OK,Http URL/API Test 1-1,text,true,,23724,211,1,1,https://nologin.leaf-preprod.va.gov/Academy/Demo1/api/form/categories,325,0,0
1684875498407,719,PP-LOAD-Form-All-Form-Metadata,200,OK,Http URL/API Test 1-1,text,true,,633595,231,1,1,https://nologin.leaf-preprod.va.gov/Academy/Demo1/api/form/indicator/list?_=1681415398446,297,0,0
1684875499129,186,PP-LOAD-CreateRequest,200,OK,Http URL/API Test 1-1,text,true,,484,549,1,1,https://nologin.leaf-preprod.va.gov/Academy/Demo1/api/form/new,186,0,0
1684875499316,150,PP-LOAD-Set-Request-Title,200,OK,Http URL/API Test 1-1,text,true,,566,544,1,1,https://nologin.leaf-preprod.va.gov/Academy/Demo1/api/form/1801/title,149,0,0
1684875499467,135,PP-LOAD-Set-Request-Service,200,OK,Http URL/API Test 1-1,text,true,,484,424,1,1,https://nologin.leaf-preprod.va.gov/Academy/Demo1/api/form/1801/service,135,0,0
1684875499603,146,PP-LOAD-Set-Request-Initiator,200,OK,Http URL/API Test 1-1,text,true,,495,458,1,1,https://nologin.leaf-preprod.va.gov/Academy/Demo1/api/form/1801/initiator,146,0,0
1684875499751,454,PP-LOAD-ReportBuilder-Request-Main-Page,200,OK,Http URL/API Test 1-1,text,true,,633640,231,1,1,https://nologin.leaf-preprod.va.gov/Academy/Demo1/api/form/indicator/list?_=1682360946420,214,0,0
1684875500207,152,PP-LOAD-ReportBuilder-Workflow-Steps,200,OK,Http URL/API Test 1-1,text,true,,43498,210,1,1,https://nologin.leaf-preprod.va.gov/Academy/Demo1/api/workflow/steps,144,0,0
1684875500364,133,PP-LOAD-ReportBuilder-Dependencies,200,OK,Http URL/API Test 1-1,text,true,,4973,217,1,1,https://nologin.leaf-preprod.va.gov/Academy/Demo1/api/workflow/dependencies,133,0,0
