timeStamp,,,elapsed,label,responseCode,responseMessage,threadName,dataType,success,failureMessage,bytes,sentBytes,grpThreads,allThreads,URL,Latency,IdleTime,Connect
1.68434E+12,1.68434E+12,#VALUE!,3929,PP-LOAD-Form-Categories,200,OK,Http URL/API Test 1-1,text,TRUE,,23635,165,1,1,https://nologin.leaf-preprod.va.gov/Academy/Demo1/api/form/categories,3918,0,3615
1.68434E+12,1.68434E+12,1/1/1970,139,PP-LOAD-Form-All-Forms,200,OK,Http URL/API Test 1-1,text,TRUE,,23585,211,1,1,https://nologin.leaf-preprod.va.gov/Academy/Demo1/api/form/categories,138,0,0
1.68434E+12,1.68434E+12,,356,PP-LOAD-Form-Indicators,200,OK,Http URL/API Test 1-1,text,TRUE,,23976,376,1,1,https://nologin.leaf-preprod.va.gov/Academy/Demo1/api/form/categories,216,0,104
1.68434E+12,1.68434E+12,,216,PP-LOAD-Form-Indicators-0,301,Moved Permanently,Http URL/API Test 1-1,text,TRUE,,399,165,1,1,http://nologin.leaf-preprod.va.gov/Academy/Demo1/api/form/categories,216,0,104
1.68434E+12,1.68434E+12,,137,PP-LOAD-Form-Indicators-1,200,OK,Http URL/API Test 1-1,text,TRUE,,23577,211,1,1,https://nologin.leaf-preprod.va.gov/Academy/Demo1/api/form/categories,137,0,0
1.68434E+12,1.68434E+12,,594,PP-LOAD-Form-All-Form-Metadata,200,OK,Http URL/API Test 1-1,text,TRUE,,637702,231,1,1,https://nologin.leaf-preprod.va.gov/Academy/Demo1/api/form/indicator/list?_=1681415398446,188,0,0
1.68434E+12,1.68434E+12,,148,PP-LOAD-CreateRequest,200,OK,Http URL/API Test 1-1,text,TRUE,,411,549,1,1,https://nologin.leaf-preprod.va.gov/Academy/Demo1/api/form/new,148,0,0
1.68434E+12,1.68434E+12,,137,PP-LOAD-Set-Request-Title,200,OK,Http URL/API Test 1-1,text,TRUE,,493,544,1,1,https://nologin.leaf-preprod.va.gov/Academy/Demo1/api/form/1801/title,136,0,0
1.68434E+12,1.68434E+12,,137,PP-LOAD-Set-Request-Service,200,OK,Http URL/API Test 1-1,text,TRUE,,411,424,1,1,https://nologin.leaf-preprod.va.gov/Academy/Demo1/api/form/1801/service,136,0,0
1.68434E+12,1.68434E+12,,147,PP-LOAD-Set-Request-Initiator,200,OK,Http URL/API Test 1-1,text,TRUE,,422,458,1,1,https://nologin.leaf-preprod.va.gov/Academy/Demo1/api/form/1801/initiator,147,0,0
1.68434E+12,1.68434E+12,,338,PP-LOAD-ReportBuilder-Request-Main-Page,200,OK,Http URL/API Test 1-1,text,TRUE,,637834,231,1,1,https://nologin.leaf-preprod.va.gov/Academy/Demo1/api/form/indicator/list?_=1682360946420,189,0,0
1.68434E+12,1.68434E+12,,133,PP-LOAD-ReportBuilder-Workflow-Steps,200,OK,Http URL/API Test 1-1,text,TRUE,,42952,210,1,1,https://nologin.leaf-preprod.va.gov/Academy/Demo1/api/workflow/steps,131,0,0
1.68434E+12,1.68434E+12,,128,PP-LOAD-ReportBuilder-Dependencies,200,OK,Http URL/API Test 1-1,text,TRUE,,4900,217,1,1,https://nologin.leaf-preprod.va.gov/Academy/Demo1/api/workflow/dependencies,128,0,0
